VALUE,COUNT,LABEL,GROUP
11,493,11: Urban,Dense settlements
12,551,12: Dense settlements,Dense settlements
22,37,22: Irrigated villages,Villages
23,91,23: Cropped & pastoral villages,Villages
24,951,24: Pastoral villages,Villages
25,344,25: Rainfed villages,Villages
26,1365,26: Rainfed mosaic villages,Villages
31,1552,31: Residential irrigated cropland,Croplands
32,26345,32: Residential rainfed mosaic,Croplands
33,1229,33: Populated irrigated cropland,Croplands
34,15862,34: Populated rainfed cropland,Croplands
35,810,35: Remote croplands,Croplands
41,9548,41: Residential rangelands,Rangelands
42,24465,42: Populated rangelands,Rangelands
43,27491,43: Remote rangelands,Rangelands
51,32331,51: Populated forests,Forested
52,55158,52: Remote forests,Forested
61,22630,61: Wild forests,Wildlands
62,235,62: Sparse trees,Wildlands
63,1265,63: Barren,Wildlands
